,Unnamed: 0,jd,band,flux,flux_err,zp,zpsys,index,field,ccdid,qid,band_y,pid,infobitssci,sciinpseeing,scibckgnd,scisigpix,zpmaginpsci,zpmaginpsciunc,zpmaginpscirms,clrcoeff,clrcoeffunc,ncalmatches,exptime,adpctdif1,adpctdif2,diffmaglim,zp_y,programid,rfid,flux_raw,flux_err_y,forcediffimsnr,forcediffimchisq,forcediffimfluxap,forcediffimfluxuncap,forcediffimsnrap,aperturecorr,dnearestrefsrc,nearestrefmag,nearestrefmagunc,nearestrefchi,nearestrefsharp,refjdstart,refjdend,procstatus,tid,tmax,tmp_flux,tmp_flux_error,weights,flux_err_weights,bmedian,bstd,bmean,bwmean_wSNR,bwmean_wfluxe,bmean_error,bwmean_wSNR_err,bwmean_wfluxe_err,bcount,flux_y,zpsys_y,sim_flux,pull
0,0,2458915.9677894,p48g,443.9531806753565,66.20094766098794,26.033852,ab,1275,848,7,3,p48g,1161467782715,0,2.2789,73.6288,12.6845,26.1303,1.95069e-05,0.040001199999999994,-0.0792324,3.90773e-05,541,30.0,0.040656,0.053952999999999994,19.427,26.1303,1,848120127,336.62279325349,60.5248741025854,6.18677647888837,1.0168778869483701,338.47161760871,105.978246775527,3.2152942117356096,1.04395189278576,0.5993507992275451,17.7319995880127,0.0410000011324883,3.68700003623962,0.23499999940395397,2458205.979051,2458258.8723259997,0,ZTFnew_sn_median,2458680,118.8566592992493,21.370461194301104,30.93280111827013,0.0021896374408636138,-6.794642110797327,37.67393517477678,-8.36599948213629,12.469674226145413,-5.753415375428943,1.866995000768114,2.3994021980980897,0.0011116446902222745,415,360.31676320551065,ab,448.9472858121083,-0.07543857472141292
8,8,2458909.0535764,p48g,852.2444368046578,44.560424341675606,26.157038,ab,1266,848,7,3,p48g,1154553572715,0,2.3004,79.3546,8.61708,26.2469,1.5180799999999999e-05,0.038388900000000004,-0.101839,2.5351100000000002e-05,653,30.0,0.04476,0.061642999999999996,19.9576,26.2469,1,848120127,818.608653075034,42.210521884247704,21.5729933891126,1.0805766171840199,891.8360886070641,71.395539220901,12.575612787202001,1.0374573932004,0.5993507992275451,17.7319995880127,0.0410000011324883,3.68700003623962,0.23499999940395397,2458205.979051,2458258.8723259997,0,ZTFnew_sn_median,2458680,259.60695964963,13.386305178219626,376.10682863042035,0.005580569954266553,-6.794642110797327,37.67393517477678,-8.36599948213629,12.469674226145413,-5.753415375428943,1.866995000768114,2.3994021980980897,0.0011116446902222745,415,844.9888378626101,ab,888.743138792756,-0.8190833576502193
9,9,2458901.0392361,p48g,773.7446272717826,33.81726309850788,25.330139000000006,ab,1261,848,7,3,p48g,1146539232715,0,2.0688,38.2014,6.57759,25.4141,2.20479e-05,0.043526800000000004,-0.0840888,4.208720000000001e-05,567,30.0,0.051418,0.057839999999999996,19.5298,25.4141,1,848120127,785.9853776443422,33.385277815534,26.188720043916998,1.08581016053331,828.918506976129,56.430289971349204,14.7881806249101,1.0427870002232,0.5993507992275451,17.7319995880127,0.0410000011324883,3.68700003623962,0.23499999940395397,2458205.979051,2458258.8723259997,0,ZTFnew_sn_median,2458680,536.7529828288439,22.798957792019053,554.2669000709014,0.001923844698410184,-6.794642110797327,37.67393517477678,-8.36599948213629,12.469674226145413,-5.753415375428943,1.866995000768114,2.3994021980980897,0.0011116446902222745,415,798.2359910041118,ab,814.0399539157793,-1.1915608465007506
12,12,2458893.9867245,p48g,2401.471516977261,46.0983780456183,26.087439,ab,1250,848,7,3,p48g,1139486722715,0,2.1244,76.9956,8.880930000000003,26.1961,1.23448e-05,0.0345774,-0.08341280000000001,2.12205e-05,649,30.0,0.043751,0.053741,19.9456,26.1961,1,848120127,2588.1174150269103,45.7870194721399,62.8776645330272,1.79051311307056,2662.3007459748396,71.1279042037846,37.681856715407,1.04925657919702,0.5993507992275451,17.7319995880127,0.0410000011324883,3.68700003623962,0.23499999940395397,2458205.979051,2458258.8723259997,0,ZTFnew_sn_median,2458680,860.090152051884,15.216065666551652,3195.0907833561077,0.0043191198200765975,-6.794642110797327,37.67393517477678,-8.36599948213629,12.469674226145413,-5.753415375428943,1.866995000768114,2.3994021980980897,0.0011116446902222745,415,2613.291739953394,ab,2426.565654726681,-0.5443605353009772
15,15,2458914.0197106004,p48g,456.6423353151312,26.503760970244127,25.930532999999997,ab,1272,848,7,3,p48g,1159519712715,0,2.0779,66.015,5.11684,26.0291,1.5148900000000007e-05,0.038836199999999994,-0.129019,2.4426e-05,668,30.0,0.083176,0.053905999999999996,20.4632,26.0291,1,848120127,421.650853935718,23.9337084872888,19.5973698224947,1.2393230512541202,470.68774713832886,40.1791781373544,11.793617444746499,1.04636611534768,0.5993507992275451,17.7319995880127,0.0410000011324883,3.68700003623962,0.23499999940395397,2458205.979051,2458258.8723259997,0,ZTFnew_sn_median,2458680,163.42292681402364,9.276197721403564,310.37445815332484,0.011621441648952707,-6.794642110797327,37.67393517477678,-8.36599948213629,12.469674226145413,-5.753415375428943,1.866995000768114,2.3994021980980897,0.0011116446902222745,415,443.23614122948237,ab,470.6811168277718,-0.5296901646676476
16,16,2458877.0165393995,p48g,742.074713447817,27.513638923149877,26.07934250000001,ab,1227,848,7,3,p48g,1122516532715,0,2.6403,76.0055,5.330369999999999,26.2001,1.30758e-05,0.0359486,-0.137679,2.11725e-05,664,30.0,0.087979,0.058705999999999994,20.2358,26.2001,1,848120127,696.661766283465,30.738104329404106,25.2115587364061,1.01812962801532,748.801452102685,47.364679238927,15.915755898232,1.04738309286338,0.5993507992275451,17.7319995880127,0.0410000011324883,3.68700003623962,0.23499999940395397,2458205.979051,2458258.8723259997,0,ZTFnew_sn_median,2458680,230.6651459400256,10.177405541984044,513.6766119321843,0.00965441224585283,-6.794642110797327,37.67393517477678,-8.36599948213629,12.469674226145413,-5.753415375428943,1.866995000768114,2.3994021980980897,0.0011116446902222745,415,721.9290079042125,ab,765.8008608222824,-0.8623413079141026
18,18,2458912.0462963,p48g,600.7997145127669,33.438445382599966,26.030106,ab,1268,848,7,3,p48g,1157546292715,0,2.8533,78.5014,6.47803,26.2221,1.4189100000000001e-05,0.0367271,-0.0957547,2.4369800000000002e-05,635,30.0,0.06396900000000001,0.062157000000000004,20.0604,26.2221,1,848120127,594.399864648463,40.1390512236166,16.472761106970697,0.9493111130234,636.985229334441,59.7410298894361,10.734253538811,1.06755478648911,0.5993507992275451,17.7319995880127,0.0410000011324883,3.68700003623962,0.23499999940395397,2458205.979051,2458258.8723259997,0,ZTFnew_sn_median,2458680,192.8584632495964,13.023481658869093,219.2922069062853,0.005895841429202022,-6.794642110797327,37.67393517477678,-8.36599948213629,12.469674226145413,-5.753415375428943,1.866995000768114,2.3994021980980897,0.0011116446902222745,415,620.1843123519336,ab,609.6589644014922,-0.2649420386432003
25,25,2458941.9950231,p48g,187.5871505361327,20.76107129710346,26.002552,ab,1282,848,7,3,p48g,1187495022715,0,2.8643,79.0372,4.08096,26.2235,1.82609e-05,0.042783800000000004,-0.14341500000000001,2.94272e-05,675,30.0,0.174137,0.06228300000000001,20.526,26.2235,1,848120127,99.24181042286742,24.5054445606733,4.504918037325781,1.14878826199431,123.553811710154,36.98510705801871,3.36313623604102,1.08008066030901,0.5993507992275451,17.7319995880127,0.0410000011324883,3.68700003623962,0.23499999940395397,2458205.979051,2458258.8723259997,0,ZTFnew_sn_median,2458680,32.15841817564609,7.940769423737347,16.400768006643723,0.01585896456836737,-6.794642110797327,37.67393517477678,-8.36599948213629,12.469674226145413,-5.753415375428943,1.866995000768114,2.3994021980980897,0.0011116446902222745,415,125.05952726668714,ab,159.1508729446802,1.369692208292732
26,26,2458900.0385069,p48g,1777.220207754763,27.05796578292562,26.101119,ab,1259,848,7,3,p48g,1145538502715,0,2.427,78.7377,5.25959,26.2259,1.2515e-05,0.035237300000000006,-0.119362,2.0034e-05,673,30.0,0.08905199999999999,0.061515,20.3815,26.2259,1,848120127,1905.1518718078892,35.74618318154772,59.286351737003,1.5243100337274,1992.9566560366,50.737410924736004,39.5443775551703,1.0501108850698702,0.5993507992275451,17.7319995880127,0.0410000011324883,3.68700003623962,0.23499999940395397,2458205.979051,2458258.8723259997,0,ZTFnew_sn_median,2458680,615.9842413094009,11.557653671934073,2840.533074011709,0.007486186578339048,-6.794642110797327,37.67393517477678,-8.36599948213629,12.469674226145413,-5.753415375428943,1.866995000768114,2.3994021980980897,0.0011116446902222745,415,1931.0267213641955,ab,1775.6833955482068,0.05679703414828961
34,34,2458891.9696528,p48g,2594.2622039851776,60.437769584979584,26.0795025,ab,1247,848,7,3,p48g,1137469652715,0,2.5028,76.086,11.6418,26.2017,1.80549e-05,0.0390461,-0.0962375,3.5809099999999996e-05,556,30.0,0.057540999999999995,0.061188,19.5118,26.2017,1,848120127,2799.01819020654,65.6850589693457,47.40170114138579,1.23528776074272,2889.283446709,103.411317891721,28.127897373892107,1.0459812262867099,0.5993507992275451,17.7319995880127,0.0410000011324883,3.68700003623962,0.23499999940395397,2458205.979051,2458258.8723259997,0,ZTFnew_sn_median,2458680,925.3919577022583,21.71633808029872,1815.8428213109341,0.0021204440209996165,-6.794642110797327,37.67393517477678,-8.36599948213629,12.469674226145413,-5.753415375428943,1.866995000768114,2.3994021980980897,0.0011116446902222745,415,2824.322694459961,ab,2572.5762761523883,0.3588141650776407
48,48,2458899.0523727,p48g,2023.5377407018605,26.14156145110204,26.17900400000001,ab,1257,848,7,3,p48g,1144552372715,0,1.9566,79.6583,4.9995199999999995,26.2493,1.2696400000000001e-05,0.0355077,-0.14098,2.03077e-05,671,30.0,0.083027,0.052507000000000005,20.7412,26.2493,1,848120127,2092.45426293505,31.403359368041897,74.11987289423101,2.6270945833282005,2112.81196784855,43.694142161262796,48.68025261057061,1.03663703001378,0.5993507992275451,17.7319995880127,0.0410000011324883,3.68700003623962,0.23499999940395397,2458205.979051,2458258.8723259997,0,ZTFnew_sn_median,2458680,662.1188832985757,9.937018746314731,4439.7624073851175,0.0101271625710895,-6.794642110797327,37.67393517477678,-8.36599948213629,12.469674226145413,-5.753415375428943,1.866995000768114,2.3994021980980897,0.0011116446902222745,415,2118.892825135389,ab,2034.1952439724903,-0.4076842651715645
49,49,2458882.0165856,p48g,2005.693033912291,27.936609525972408,26.122596,ab,1236,848,7,3,p48g,1127516582715,0,2.2046,77.9709,5.4176,26.2202,1.2305999999999999e-05,0.0348024,-0.12470999999999999,1.9686600000000002e-05,669,30.0,0.07616,0.057491999999999994,20.4927,26.2202,1,848120127,2034.41860763447,32.9773558512854,68.6245152761992,1.95402780088474,2139.25670060689,46.474985147974394,46.3402992106449,1.04323813063149,0.5993507992275451,17.7319995880127,0.0410000011324883,3.68700003623962,0.23499999940395397,2458205.979051,2458258.8723259997,0,ZTFnew_sn_median,2458680,661.2418304406316,10.718544877816997,3805.826427729841,0.008704189523213508,-6.794642110797327,37.67393517477678,-8.36599948213629,12.469674226145413,-5.753415375428943,1.866995000768114,2.3994021980980897,0.0011116446902222745,415,2060.157972923228,ab,1935.4624877834992,2.5139251799148727
50,50,2458914.9440741,p48g,400.1443099047748,58.134489213275174,25.9709,ab,1273,848,7,3,p48g,1160444072715,0,2.0866,65.4148,11.1052,26.046999999999997,1.83159e-05,0.040216800000000004,-0.10658800000000004,3.4569899999999996e-05,582,30.0,0.041832,0.056053,19.5613,26.046999999999997,1,848120127,358.063733889418,46.9520013723131,8.48322582342626,1.0568571323443399,459.16763001945503,86.7975774689218,5.3257264074140505,1.03610730635233,0.5993507992275451,17.7319995880127,0.0410000011324883,3.68700003623962,0.23499999940395397,2458205.979051,2458258.8723259997,0,ZTFnew_sn_median,2458680,136.5087016894523,17.900044440231603,58.15840051533721,0.003120985720263056,-6.794642110797327,37.67393517477678,-8.36599948213629,12.469674226145413,-5.753415375428943,1.866995000768114,2.3994021980980897,0.0011116446902222745,415,380.00783690422315,ab,455.05370135973885,-0.9445235039998485
52,52,2458880.9847685,p48g,1473.8371864638339,28.76348778152759,25.988573000000002,ab,1234,848,7,3,p48g,1126484762715,0,2.7017,75.1747,5.60331,26.1624,1.3817999999999999e-05,0.0367995,-0.0917217,2.27835e-05,657,30.0,0.085356,0.078652,20.2106,26.1624,1,848120127,1662.4270987404502,36.29132988058221,50.9559059832438,1.38244552141118,1743.09402676684,50.22357738330339,34.940439465972,1.0651884996162801,0.5993507992275451,17.7319995880127,0.0410000011324883,3.68700003623962,0.23499999940395397,2458205.979051,2458258.8723259997,0,ZTFnew_sn_median,2458680,569.878942303317,12.440644586939516,2098.3573627623787,0.00646121561445599,-6.794642110797327,37.67393517477678,-8.36599948213629,12.469674226145413,-5.753415375428943,1.866995000768114,2.3994021980980897,0.0011116446902222745,415,1686.8320437467346,ab,1492.5844317730432,-0.6517723250950517
66,66,2458904.033125,p48g,1337.4015480438145,24.72998459837471,26.147223,ab,1263,848,7,3,p48g,1149533122715,0,2.0789,79.1768,4.52158,26.2372,1.2853699999999999e-05,0.035994099999999994,-0.136553,2.05073e-05,675,30.0,0.099647,0.053576,20.7318,26.2372,1,848120127,1389.18836086709,27.9426115509582,55.30303218521379,1.8259524840806696,1415.27918068565,40.1804688662213,35.4602922165831,1.04214074222568,0.5993507992275451,17.7319995880127,0.0410000011324883,3.68700003623962,0.23499999940395397,2458205.979051,2458258.8723259997,0,ZTFnew_sn_median,2458680,444.50959097373993,8.941018497665688,2471.657472841389,0.012509098527902293,-6.794642110797327,37.67393517477678,-8.36599948213629,12.469674226145413,-5.753415375428943,1.866995000768114,2.3994021980980897,0.0011116446902222745,415,1415.3339139521088,ab,1347.6430254073966,-0.4141319750055655
72,72,2458886.0458449,p48r,2295.860134894277,36.98432698314183,26.1415055,ab,1239,848,7,3,p48r,1131545842715,0,2.0698,191.543,7.12602,26.2435,4.9722000000000004e-06,0.0223625,0.106012,7.958989999999999e-06,673,30.0,0.046701,0.052489,20.3519,26.2435,1,848120227,2425.4190188148,38.2470484424597,70.5413316658108,3.10857139799102,2511.07579819552,56.3752963416963,44.8421241610598,1.0429167037391,0.513427158025646,16.9430002212524,0.0509999990463257,4.34899997711182,0.243000000715256,2458198.864259,2458258.9480560003,0,ZTFnew_sn_median,2458680,771.5903345528868,12.167403930805635,4021.404001060044,0.006754670183667285,-17.389641157522902,85.36866475008608,-9.640787697850056,24.58515021285694,-20.669762899217847,4.179560824169008,3.5127746142171365,0.0003941788403980726,384,2455.7238953685887,ab,2329.9006528159575,-0.9204038764095073
73,73,2458895.9883102,p48r,2402.5779554319893,39.207211393727825,26.162538,ab,1254,848,7,3,p48r,1141488312715,0,1.8695,188.418,7.59205,26.2295,4.4121e-06,0.0209699,0.101587,7.052660000000003e-06,671,30.0,0.051885,0.052799,20.3489,26.2295,1,848120227,2508.09196848657,38.4216691304182,72.61427921565841,3.5464256636910703,2514.2026184972196,58.588940033251,43.20159942048311,1.03145253713331,0.513427158025646,16.9430002212524,0.0509999990463257,4.34899997711182,0.243000000715256,2458198.864259,2458258.9480560003,0,ZTFnew_sn_median,2458680,808.2458017914241,12.381584552187824,4261.224932822567,0.006523002493235882,-17.389641157522902,85.36866475008608,-9.640787697850056,24.58515021285694,-20.669762899217847,4.179560824169008,3.5127746142171365,0.0003941788403980726,384,2538.0085880857914,ab,2427.888861875283,-0.6455676275753419
74,74,2458913.9959722,p48r,975.5742939025599,39.22058442417658,25.837541,ab,1271,848,7,3,p48r,1159495972715,0,1.5394,139.752,7.479260000000001,25.9032,6.602000000000001e-06,0.025690699999999997,0.105092,1.05367e-05,671,30.0,0.048962,0.06307,20.1812,25.9032,1,848120227,1074.16375309045,29.685847318790398,40.2509231188291,2.69016907521699,1140.93366338343,50.007826647416,22.968762976808602,1.03397794798768,0.513427158025646,16.9430002212524,0.0509999990463257,4.34899997711182,0.243000000715256,2458198.864259,2458258.9480560003,0,ZTFnew_sn_median,2458680,467.5095570177792,12.920206337046725,1309.3088028073448,0.005990472807451867,-17.389641157522902,85.36866475008608,-9.640787697850056,24.58515021285694,-20.669762899217847,4.179560824169008,3.5127746142171365,0.0003941788403980726,384,1096.3147113774417,ab,958.0747136630483,0.44618356652340985
75,75,2458882.0512616,p48r,1827.1120416039466,34.739984492878044,26.145091,ab,1237,848,7,3,p48r,1127551262715,0,1.8957,192.611,6.81155,26.24,5.0217000000000006e-06,0.0224692,0.104528,8.03726e-06,674,30.0,0.049352,0.054537999999999996,20.4562,26.24,1,848120227,1842.97122233501,36.2972077115917,56.48070880012939,2.76413188709728,1879.5999667338401,56.647685638557796,33.4039980507946,1.04420299366159,0.513427158025646,16.9430002212524,0.0509999990463257,4.34899997711182,0.243000000715256,2458198.864259,2458258.9480560003,0,ZTFnew_sn_median,2458680,588.1912421943515,11.584391244600036,2578.0460716183993,0.007451669190408966,-17.389641157522902,85.36866475008608,-9.640787697850056,24.58515021285694,-20.669762899217847,4.179560824169008,3.5127746142171365,0.0003941788403980726,384,1873.178564799841,ab,1764.7564329985064,1.794923328714312
77,77,2458899.0306481,p48r,2148.0148936752985,32.881318196712165,26.169462,ab,1256,848,7,3,p48r,1144530642715,0,1.5319,188.752,6.27631,26.2312,5.6789e-06,0.023894,0.09941950000000001,9.10648e-06,675,30.0,0.054108,0.061104,20.6734,26.2312,1,848120227,2279.2225317633397,33.713094949836695,75.2043404750124,5.34940727849855,2184.22617055475,49.0812478447257,44.80197949406839,1.03018476011013,0.513427158025646,16.9430002212524,0.0509999990463257,4.34899997711182,0.243000000715256,2458198.864259,2458258.9480560003,0,ZTFnew_sn_median,2458680,733.342288619924,10.84722437692238,4570.63153491268,0.008498900651834312,-17.389641157522902,85.36866475008608,-9.640787697850056,24.58515021285694,-20.669762899217847,4.179560824169008,3.5127746142171365,0.0003941788403980726,384,2309.186030235845,ab,2087.6222236069116,1.8366864037228783
78,78,2458937.0182986,p48r,598.1574915123208,36.08478288620603,26.133389,ab,1279,848,7,3,p48r,1182518292715,0,1.784,184.327,6.894639999999999,26.2052,5.4804999999999995e-06,0.02333,0.100143,8.76483e-06,671,30.0,0.045864,0.053653,20.4816,26.2052,1,848120227,471.537648098852,29.110393204843106,18.0186853893334,2.1901660118238704,564.85193762143,53.2260571858688,10.6837943290489,1.03468331430024,0.513427158025646,16.9430002212524,0.0509999990463257,4.34899997711182,0.243000000715256,2458198.864259,2458258.9480560003,0,ZTFnew_sn_median,2458680,155.39476106126898,9.593301011498161,262.3835494200917,0.010865853784578423,-17.389641157522902,85.36866475008608,-9.640787697850056,24.58515021285694,-20.669762899217847,4.179560824169008,3.5127746142171365,0.0003941788403980726,384,500.79213728380057,ab,487.40775751991515,3.0691533974766263
79,79,2458876.0456944,p48r,457.64622582149735,30.19349219483869,26.04384149,ab,1226,848,7,3,p48r,1121545692715,0,2.5855,188.55,6.02502,26.2214,6.2673e-06,0.0250011,0.11161700000000001,1.00224e-05,672,30.0,0.071087,0.060551,20.2431,26.2214,1,848120227,396.507168965357,34.0817415112467,12.941483612031698,1.52894857795225,498.78310895769096,53.6577877547344,9.35823974311457,1.06426625122419,0.513427158025646,16.9430002212524,0.0509999990463257,4.34899997711182,0.243000000715256,2458198.864259,2458258.9480560003,0,ZTFnew_sn_median,2458680,128.73334198045237,11.065263956526431,135.35008450240463,0.008167261168477763,-17.389641157522902,85.36866475008608,-9.640787697850056,24.58515021285694,-20.669762899217847,4.179560824169008,3.5127746142171365,0.0003941788403980726,384,426.2014298138869,ab,518.0214283863994,-1.9996097892652067
81,81,2458879.0723495,p48r,947.5685062268393,45.33250728421874,25.982892,ab,1231,848,7,3,p48r,1124572342715,0,2.8889,183.889,8.891919999999997,26.2104,7.2999e-06,0.027018900000000002,0.10751199999999997,1.17519e-05,675,30.0,0.06603099999999999,0.071863,19.7137,26.2104,1,848120227,1087.3776232114399,50.5535644165119,23.9267333983971,1.2545420204009299,1166.30474877797,73.278281922356,16.023299776710598,1.07870076534171,0.513427158025646,16.9430002212524,0.0509999990463257,4.34899997711182,0.243000000715256,2458198.864259,2458258.9480560003,0,ZTFnew_sn_median,2458680,356.6320676974053,16.580277010012445,462.6549561478286,0.003637612518309149,-17.389641157522902,85.36866475008608,-9.640787697850056,24.58515021285694,-20.669762899217847,4.179560824169008,3.5127746142171365,0.0003941788403980726,384,1116.7725592318006,ab,983.2022218136799,-0.7860521670118494
83,83,2458888.0476273,p48r,2480.492099592423,63.13995027602213,26.184368,ab,1243,848,7,3,p48r,1133547622715,0,1.7269,194.042,12.1482,26.2583,6.2434e-06,0.0250537,0.111722,1.0019400000000001e-05,675,30.0,0.044493,0.054028999999999994,19.8974,26.2583,1,848120227,2820.4757402166197,54.75020314558621,57.30485721484821,2.34359957876354,2615.17163666522,96.2363945656147,27.357477178831395,1.03530970664682,0.513427158025646,16.9430002212524,0.0509999990463257,4.34899997711182,0.243000000715256,2458198.864259,2458258.9480560003,0,ZTFnew_sn_median,2458680,885.1204371307086,17.18168429893833,2653.831027059964,0.003387415965856469,-17.389641157522902,85.36866475008608,-9.640787697850056,24.58515021285694,-20.669762899217847,4.179560824169008,3.5127746142171365,0.0003941788403980726,384,2851.196540096139,ab,2568.437113906966,-1.3928584664714334
84,84,2458894.0459144,p48r,2516.256555214918,45.7134047709458,26.1661935,ab,1251,848,7,3,p48r,1139545912715,0,1.5729,190.09900000000002,8.71527,26.2366,4.9121e-06,0.022140599999999996,0.10660499999999999,7.86427e-06,675,30.0,0.044819,0.061898,20.3353,26.2366,1,848120227,2798.2745100428497,40.468528052318895,76.9179514671525,4.0457536694076905,2615.6811394697893,61.960806852878896,42.4994127124531,1.03270194179873,0.513427158025646,16.9430002212524,0.0509999990463257,4.34899997711182,0.243000000715256,2458198.864259,2458258.9480560003,0,ZTFnew_sn_median,2458680,895.8809800568097,12.95619298351568,4781.298043267721,0.005957241187954474,-17.389641157522902,85.36866475008608,-9.640787697850056,24.58515021285694,-20.669762899217847,4.179560824169008,3.5127746142171365,0.0003941788403980726,384,2828.3874056977143,ab,2574.389191538247,-1.271675925576131
89,89,2458881.0368981003,p48r,1502.911040096686,34.153113729310924,26.105393,ab,1235,848,7,3,p48r,1126536892715,0,2.2954,191.165,6.67687,26.2297,6.4781e-06,0.0254722,0.10974300000000001,1.0355299999999999e-05,674,30.0,0.059290999999999996,0.06412799999999999,20.2852,26.2297,1,848120227,1650.7963823109699,38.73078908629579,47.4124026864923,2.03883363843704,1623.97878361603,58.9183212548415,27.748862142347804,1.0516595457506,0.513427158025646,16.9430002212524,0.0509999990463257,4.34899997711182,0.243000000715256,2458198.864259,2458258.9480560003,0,ZTFnew_sn_median,2458680,531.8798143044148,12.478901170260682,1816.6628137137168,0.006421660026357517,-17.389641157522902,85.36866475008608,-9.640787697850056,24.58515021285694,-20.669762899217847,4.179560824169008,3.5127746142171365,0.0003941788403980726,384,1680.7185132627758,ab,1494.974744811299,0.23237398933193126
90,90,2458941.0137616,p48r,288.6880541122038,38.64526142545044,25.733618,ab,1281,848,7,3,p48r,1186513762715,0,1.8366,128.689,7.54165,25.814,2.686590000000001e-05,0.051885900000000006,0.103877,4.2718999999999995e-05,673,30.0,0.044747,0.057370000000000004,19.9586,25.814,1,848120227,276.585642603989,32.6222072324437,9.43128983023473,1.31413860540344,432.62795226117896,61.6946499148864,7.0596352684023405,1.0395075174598,0.513427158025646,16.9430002212524,0.0509999990463257,4.34899997711182,0.243000000715256,2458198.864259,2458258.9480560003,0,ZTFnew_sn_median,2458680,130.6861706150441,15.413928575904233,71.8840570659095,0.004208945628216558,-17.389641157522902,85.36866475008608,-9.640787697850056,24.58515021285694,-20.669762899217847,4.179560824169008,3.5127746142171365,0.0003941788403980726,384,296.9895112617759,ab,298.64191504767047,-0.2575700245855079
92,92,2458899.9813542003,p48r,1840.9872928226928,36.652592525645375,26.1017815,ab,1258,848,7,3,p48r,1145481352715,0,2.4675,187.52700000000002,7.149939999999999,26.2285,6.7702e-06,0.0260247,0.0950508,1.08838e-05,676,30.0,0.059417999999999985,0.065624,20.0986,26.2285,1,848120227,1861.5781116335997,41.8417690222558,49.490976996676,1.83502120258288,2121.7431787817104,63.6257821919367,33.5718189635994,1.04502266944627,0.513427158025646,16.9430002212524,0.0509999990463257,4.34899997711182,0.243000000715256,2458198.864259,2458258.9480560003,0,ZTFnew_sn_median,2458680,600.4561037795986,13.49615438930054,1979.4405023171307,0.0054900958223970606,-17.389641157522902,85.36866475008608,-9.640787697850056,24.58515021285694,-20.669762899217847,4.179560824169008,3.5127746142171365,0.0003941788403980726,384,1891.4671896931875,ab,1854.5967757633355,-0.37131024036349686
93,93,2458904.0121528,p48r,1585.9620415886193,32.71364383718089,26.1568375,ab,1262,848,7,3,p48r,1149512152715,0,1.8345,189.42,6.30072,26.2353,5.0029e-06,0.022274799999999997,0.100714,7.999069999999999e-06,673,30.0,0.05612999999999999,0.054164,20.5949,26.2353,1,848120227,1594.01312509545,31.6041785542711,56.105080183063706,3.1256991861674304,1636.93895883631,48.9664365425877,33.6549676322049,1.03570447142949,0.513427158025646,16.9430002212524,0.0509999990463257,4.34899997711182,0.243000000715256,2458198.864259,2458258.9480560003,0,ZTFnew_sn_median,2458680,510.94234049293317,10.130351316215732,2543.8691734202666,0.009744307634171513,-17.389641157522902,85.36866475008608,-9.640787697850056,24.58515021285694,-20.669762899217847,4.179560824169008,3.5127746142171365,0.0003941788403980726,384,1624.0899868247132,ab,1565.4614450689976,0.6266680844743323
95,95,2458878.0168056,p48r,887.1014594216721,32.09868364116718,26.101925,ab,1229,848,7,3,p48r,1123516802715,0,2.205,185.333,6.2706800000000005,26.205,5.471900000000002e-06,0.023431900000000002,0.108681,8.75665e-06,674,30.0,0.063713,0.054761000000000004,20.3396,26.205,1,848120227,841.68892054165,31.5885240618287,29.639923409073898,1.8060352958818893,985.785905196427,51.7329269928112,19.1836280619292,1.0395630464282601,0.513427158025646,16.9430002212524,0.0509999990463257,4.34899997711182,0.243000000715256,2458198.864259,2458258.9480560003,0,ZTFnew_sn_median,2458680,277.4288428426888,10.411884324130073,709.9774449201323,0.009224468052352877,-17.389641157522902,85.36866475008608,-9.640787697850056,24.58515021285694,-20.669762899217847,4.179560824169008,3.5127746142171365,0.0003941788403980726,384,870.9380213468455,ab,900.5507119385801,-0.4189970114431451
96,96,2458874.0323032,p48r,320.9460280016694,34.96537169472869,26.135619000000002,ab,1224,848,7,3,p48r,1119532302715,0,1.8541,188.797,6.75812,26.2259,4.9536e-06,0.0222895,0.110115,7.924220000000001e-06,675,30.0,0.055062,0.057241,20.4647,26.2259,1,848120227,267.458824711476,27.7920008045383,10.705129351072301,2.29611936962414,323.37308933866797,50.457640869885104,6.45196683967256,1.04085826115353,0.513427158025646,16.9430002212524,0.0509999990463257,4.34899997711182,0.243000000715256,2458198.864259,2458258.9480560003,0,ZTFnew_sn_median,2458680,86.47626662175915,8.985863428204459,92.61348704284536,0.012384554043342731,-17.389641157522902,85.36866475008608,-9.640787697850056,24.58515021285694,-20.669762899217847,4.179560824169008,3.5127746142171365,0.0003941788403980726,384,297.27641337124163,ab,250.24318500585122,2.022081836083476
97,97,2458908.9893519,p48r,1382.1884204194473,34.745342663543184,26.135854,ab,1265,848,7,3,p48r,1154489352715,0,1.9151,189.459,6.7663199999999994,26.2226,5.0805e-06,0.0224687,0.10261600000000001,8.09731e-06,672,30.0,0.052494000000000006,0.057423,20.4636,26.2226,1,848120227,1391.9292946026699,33.5639742772309,46.13160838639521,2.6748097733177003,1382.42627043016,53.527188066485,26.0005623529229,1.04021899557281,0.513427158025646,16.9430002212524,0.0509999990463257,4.34899997711182,0.243000000715256,2458198.864259,2458258.9480560003,0,ZTFnew_sn_median,2458680,451.41623590220945,10.885123970661988,1719.838200211918,0.008439821098155031,-17.389641157522902,85.36866475008608,-9.640787697850056,24.58515021285694,-20.669762899217847,4.179560824169008,3.5127746142171365,0.0003941788403980726,384,1421.6563929044455,ab,1350.283750039014,0.918243077622877
101,101,2458912.9944792003,p48r,1361.7661052835624,38.796465618873356,26.086306,ab,1269,848,7,3,p48r,1158494472715,0,1.7249,179.546,7.3929899999999975,26.1694,5.9755999999999975e-06,0.0242655,0.111498,9.52875e-06,673,30.0,0.050987,0.054988,20.3862,26.1694,1,848120227,1401.94794789926,34.1136522140846,45.7149735485157,2.4936762623889397,1451.36931379074,56.3612924873963,25.924607210707002,1.0393469273289,0.513427158025646,16.9430002212524,0.0509999990463257,4.34899997711182,0.243000000715256,2458198.864259,2458258.9480560003,0,ZTFnew_sn_median,2458680,477.4983654497674,11.618985709245267,1688.9132522024897,0.007407361925566185,-17.389641157522902,85.36866475008608,-9.640787697850056,24.58515021285694,-20.669762899217847,4.179560824169008,3.5127746142171365,0.0003941788403980726,384,1430.253557943396,ab,1223.5172616450836,3.5634391286206424
108,108,2458895.0381134,p48r,2546.9707432878304,42.89784719473303,26.1812455,ab,1252,848,7,3,p48r,1140538112715,0,1.6562,189.74400000000003,8.14295,26.2453,5.0071e-06,0.0224491,0.10709,8.00663e-06,673,30.0,0.045319,0.056571,20.3683,26.2453,1,848120227,2775.22199893562,39.3061674795477,78.54016878593279,3.9527418643649797,2790.17238108853,60.4769586658803,46.4468520668555,1.02923811549206,0.513427158025646,16.9430002212524,0.0509999990463257,4.34899997711182,0.243000000715256,2458198.864259,2458258.9480560003,0,ZTFnew_sn_median,2458680,881.4095047754256,12.483624598700715,4985.102108949419,0.006416801419315204,-17.389641157522902,85.36866475008608,-9.640787697850056,24.58515021285694,-20.669762899217847,4.179560824169008,3.5127746142171365,0.0003941788403980726,384,2805.577158440008,ab,2549.1396124022435,-0.0505589267584376
111,111,2458877.0564582995,p48r,735.3537506497148,34.37855994342905,26.178546500000003,ab,1228,848,7,3,p48r,1122556452715,0,1.7229,190.195,6.59388,26.2403,5.0245e-06,0.0224258,0.09976030000000001,8.080679999999999e-06,675,30.0,0.051213,0.054065999999999996,20.5442,26.2403,1,848120227,641.24440909598,29.0037737223066,24.5937007553335,2.5897992921310697,644.571827718304,52.48329266053271,12.36418340329,1.029190662381,0.513427158025646,16.9430002212524,0.0509999990463257,4.34899997711182,0.243000000715256,2458198.864259,2458258.9480560003,0,ZTFnew_sn_median,2458680,204.59903998519744,9.254106820046546,488.80784421160524,0.01167699202238312,-17.389641157522902,85.36866475008608,-9.640787697850056,24.58515021285694,-20.669762899217847,4.179560824169008,3.5127746142171365,0.0003941788403980726,384,671.4600993112173,ab,779.3989514905137,-1.2811822517661176
112,112,2458887.0556829,p48r,2408.753108414832,49.5840386786574,26.1931,ab,1241,848,7,3,p48r,1132555682715,0,1.6498,194.465,9.49093,26.2623,5.2705e-06,0.0229127,0.105512,8.42547e-06,672,30.0,0.040355,0.05663500000000001,20.2188,26.2623,1,848120227,2622.40334028828,45.4381037829359,64.1998615278759,3.06101182776771,2466.92250287034,75.6506434464027,32.8290316475746,1.03350111034896,0.513427158025646,16.9430002212524,0.0509999990463257,4.34899997711182,0.243000000715256,2458198.864259,2458258.9480560003,0,ZTFnew_sn_median,2458680,819.9351211559633,14.206928643655253,3330.8768833934955,0.00495449736395001,-17.389641157522902,85.36866475008608,-9.640787697850056,24.58515021285694,-20.669762899217847,4.179560824169008,3.5127746142171365,0.0003941788403980726,384,2653.237528517965,ab,2522.2404276907137,-2.2887873255215605
